Count,X,Y,Z,Training count,Output
4461,-3.92,-14.08,-9.16,49,0
4460,-3.85,-15.03,-8.95,,0
4459,-3.74,-14.82,-8.97,,0
4458,-3.72,-14.75,-8.97,,0
4457,-3.7,-14.32,-8.96,,0
4456,-3.33,-14.53,-9.03,,0
4455,-3.09,-14.32,-9.13,,0
4454,-3.2,-11.7,-9.08,,0
4453,-3.31,-10.67,-8.87,,0
4452,-2.19,-9.34,-9.88,,0
4451,-1.1,-7.7,-12.2,,0
4450,0.11,-5.75,-15.41,,0
4449,0.5,-3.18,-19.2,,0
4448,0.24,-2.02,-22.65,,0
4447,0.17,0.47,-25.44,,0
4446,0.17,2,-27.12,,0
4445,0.24,3.42,-27.97,,0
4444,0.12,4.98,-28.18,,0
4443,0.23,4.28,-28.09,,0
4442,0.32,4.35,-28.14,,0
4441,0.41,4.17,-28.15,,0
4386,-2.98,-14.14,-9.71,48,0
4385,-2.75,-12.41,-9.65,,0
4384,-2.83,-9.34,-9.33,,0
4383,-2.31,-8.64,-9.89,,0
4382,-1.18,-7.03,-12.27,,0
4381,-0.2,-5.37,-15.87,,0
4380,0.67,-2.8,-19.92,,0
4379,0.79,-0.22,-23.32,,0
4378,0.23,1.27,-25.77,,0
4377,0.23,1.21,-27.45,,0
4376,0.27,3.64,-28.46,,0
4375,0.18,4.04,-28.56,,0
4374,0.13,4.96,-28.35,,0
4373,0.38,5.02,-28.1,,0
4372,0.42,4.58,-28.07,,0
4325,-2.73,-12.42,-11.27,47,0
4324,-2.68,-11.55,-11.3,,0
4323,-2.55,-11.2,-11.31,,0
4322,-2.14,-11.63,-11.42,,0
4321,-1.56,-7.96,-11.56,,0
4320,-2.07,-6.67,-11.69,,0
4319,-1.19,-6.26,-13.15,,0
4318,-0.14,-4.35,-15.95,,0
4317,0.45,-2.88,-19.64,,0
4316,0.58,-1.67,-23.32,,0
4315,0.31,1.12,-26.18,,0
4314,0.07,2.92,-27.59,,0
4313,0.07,3.74,-27.93,,0
4312,0.04,3.92,-27.82,,0
4311,0.15,3.47,-27.66,,0
4310,0.29,4.17,-27.44,,0
4309,0.37,3.75,-27.23,,0
4308,0.37,3.86,-27.19,,0
4255,-2.9,-13.01,-10.09,46,0
4254,-2.9,-13.49,-10.07,,0
4253,-3.01,-13.72,-10.07,,0
4252,-2.22,-9.77,-9.92,,0
4251,-2.42,-8.88,-9.66,,0
4250,-1.87,-7.11,-10.64,,0
4249,-0.82,-5.36,-12.87,,0
4248,0.01,-4.21,-16.12,,0
4247,0.96,-2.49,-20.25,,0
4246,0.8,-1.22,-23.87,,0
4245,0.6,0.97,-26.34,,0
4244,0.42,2.17,-27.65,,0
4243,0.26,4.01,-28.11,,0
4242,0.15,3.96,-27.95,,0
4241,0.02,4.83,-27.48,,0
4240,0.26,4.26,-27.24,,0
4239,0.28,4.09,-27.25,,0
4178,-3.45,-14.66,-8.19,45,0
4177,-3.12,-13.93,-8.31,,0
4176,-2.9,-13.97,-8.36,,0
4175,-2.66,-12.38,-8.5,,0
4174,-2.46,-10.07,-8.46,,0
4173,-1.74,-8.3,-9.32,,0
4172,-0.86,-7.01,-11.45,,0
4171,-0.27,-4.67,-14.94,,0
4170,0.28,-2.91,-19.19,,0
4169,0.33,-0.54,-23.17,,0
4168,0.09,1.56,-25.99,,0
4167,0.45,2.63,-27.73,,0
4166,0.2,4.13,-28.28,,0
4165,-0.03,4.79,-27.73,,0
4164,0.22,4.83,-27.07,,0
4163,0.49,3.92,-26.91,,0
4162,0.41,4.37,-26.85,,0
4103,-5.48,-17.34,-4.24,44,0
4102,-5.15,-17.74,-4.2,,0
4101,-4.9,-17.65,-4.27,,0
4100,-4.9,-18.73,-4.35,,0
4099,-4.3,-15.71,-4.36,,0
4098,-3.8,-14.68,-4.19,,0
4097,-2.9,-10.02,-4.49,,0
4096,-2.18,-10.39,-6.15,,0
4095,-0.44,-7.44,-9.69,,0
4094,-0.12,-6.3,-14.45,,0
4093,0.51,-3.74,-19.83,,0
4092,0.41,-0.36,-23.99,,0
4091,0.19,2.44,-26.34,,0
4090,0.14,3.7,-27.22,,0
4089,0.14,4.42,-27.14,,0
4088,0.32,3.63,-26.9,,0
4087,0.32,4.76,-26.66,,0
4086,0.38,4.11,-26.61,,0
4085,0.31,4.43,-26.64,,0
4020,-2.45,-10.59,-9.17,43,0
4019,-2.5,-12.57,-9.16,,0
4018,-1.99,-8.28,-9.28,,0
4017,-2.19,-7.13,-9.74,,0
4016,-1.26,-4.96,-11.58,,0
4015,-0.31,-5.08,-14.94,,0
4014,0.1,-2.89,-19.19,,0
4013,-0.14,-0.52,-22.69,,0
4012,-0.13,1.15,-25.14,,0
4011,-0.05,1.67,-26.31,,0
4010,0.15,5.11,-26.51,,0
4009,0.26,4.51,-25.81,,0
4008,0.45,3.34,-25.66,,0
4007,0.59,3.3,-25.56,,0
3947,-2.9,-12.47,-8.15,42,0
3946,-2.46,-13.5,-8.27,,0
3945,-2.12,-10.5,-8.34,,0
3944,-2.96,-8.57,-8.06,,0
3943,-2.37,-7.87,-8.64,,0
3942,-1.1,-6.15,-10.76,,0
3941,-0.41,-4.49,-14.29,,0
3940,0.05,-2.08,-18.24,,0
3939,0.4,-0.93,-21.6,,0
3938,0.01,0.43,-23.95,,0
3937,0.13,1.2,-25.42,,0
3936,0.49,2.19,-26.12,,0
3935,-0.1,5.12,-25.8,,0
3934,0.19,4.18,-25.06,,0
3933,0.31,3.45,-24.97,,0
3876,-2.31,-9.52,-8.13,41,0
3875,-2.22,-8.62,-8.45,,0
3874,-1.64,-7.07,-9.87,,0
3873,-1,-4.78,-12.36,,0
3872,-0.5,-3.58,-15.75,,0
3871,-0.01,-2.59,-19.57,,0
3870,0.09,-0.06,-22.62,,0
3869,0.25,0.56,-24.51,,0
3868,0.3,2.32,-25.33,,0
3867,0.2,4.44,-25.15,,0
3866,0.21,4.13,-24.81,,0
3865,0.39,3.66,-24.8,,0
3864,0.36,3.8,-24.84,,0
3783,-0.89,-1.98,-10.47,40,0
3782,0.11,-3.99,-13.7,,0
3781,0.44,-3.6,-19.28,,0
3780,0.51,-1.99,-24.29,,0
3779,0.39,1.45,-26.49,,0
3778,-0.07,5.34,-25.54,,0
3777,-0.28,4.58,-24.15,,0
3776,0.26,3.31,-23.86,,0
3775,0.31,3.25,-23.85,,0
3774,0.28,3.28,-23.85,,0
3773,0.27,3.24,-23.84,,0
3772,0.27,3.05,-23.82,,0
3771,0.26,3.04,-23.8,,0
3770,0.39,3.05,-23.78,,0
3446,-3.62,-15.18,-3.35,39,0
3445,-3.24,-14.5,-3.49,,0
3444,-3.2,-14.06,-3.44,,0
3443,-3.45,-11.21,-3.47,,0
3442,-3.11,-9.13,-3.62,,0
3441,-2.14,-8.44,-5.39,,0
3440,-0.63,-6.49,-8.95,,0
3439,0.19,-5.11,-13.43,,0
3438,0.47,-2.37,-17.72,,0
3437,0.13,0.11,-20.68,,0
3436,-0.15,0.98,-22.36,,0
3435,-0.13,1.8,-23.08,,0
3434,-0.03,2.58,-23.1,,0
3433,0.07,4.24,-22.64,,0
3432,0.31,3.75,-22.27,,0
3381,-4.02,-14.87,-2.79,38,0
3380,-3.35,-15.52,-2.89,,0
3379,-3.21,-13.61,-3,,0
3378,-3.24,-9.43,-2.77,,0
3377,-2.43,-8.95,-3.6,,0
3376,-1.23,-8.41,-6.39,,0
3375,-0.18,-5.42,-10.44,,0
3374,0.05,-3.46,-15.05,,0
3373,0.38,-1.31,-19.14,,0
3372,-0.02,-0.56,-22.02,,0
3371,0.38,1.64,-23.59,,0
3370,0.09,3.03,-23.63,,0
3369,-0.06,4.88,-22.75,,0
3368,0.29,3.45,-22.28,,0
3367,0.34,3.37,-22.26,,0
3318,-1.63,-9.59,-7.56,37,0
3317,-2.06,-6.61,-7.48,,0
3316,-2.09,-5.67,-7.78,,0
3315,-1.19,-4.43,-9.53,,0
3314,-0.26,-3.32,-12.48,,0
3313,0.18,-2.26,-16.5,,0
3312,0.18,-0.13,-20.1,,0
3311,0.28,1.85,-22.64,,0
3310,0.11,2.18,-23.86,,0
3309,0.37,5.64,-23.8,,0
3308,0.19,5.39,-22.92,,0
3307,0.58,4.09,-22.82,,0
3253,-3.45,-13.35,-3.53,36,0
3252,-3.24,-14.27,-3.63,,0
3251,-2.74,-11.92,-3.74,,0
3250,-2.91,-8.27,-3.61,,0
3249,-2.21,-7.39,-4.28,,0
3248,-0.74,-5.6,-6.75,,0
3247,0.1,-3.73,-10.65,,0
3246,0.74,-3.35,-15.56,,0
3245,0.37,-1.18,-20.21,,0
3244,0.4,0.97,-23.4,,0
3243,0.5,1.39,-24.61,,0
3242,0.27,5.82,-24.02,,0
3241,0.12,5.15,-22.68,,0
3240,0.38,4.21,-22.58,,0
3192,-5.02,-16.68,-0.51,35,0
3191,-4.52,-15.47,-0.27,,0
3190,-4.08,-14.86,-0.02,,0
3189,-3.41,-9.52,-0.21,,0
3188,-2.54,-9.53,-1.23,,0
3187,-0.7,-7.51,-4.65,,0
3186,0.02,-6.11,-9.41,,0
3185,0.66,-3.59,-14.89,,0
3184,0.38,-1.63,-19.24,,0
3183,0.33,0.46,-21.78,,0
3182,0.07,3.67,-22.66,,0
3181,0.05,4.67,-22.51,,0
3180,0.09,4.86,-21.91,,0
3179,0.36,3.75,-21.75,,0
3178,0.42,3.79,-21.81,,0
3133,-3.23,-13.64,-3.09,34,0
3132,-2.95,-12.93,-3.3,,0
3131,-3.01,-12.94,-3.3,,0
3130,-2.83,-7.09,-3.39,,0
3129,-1.67,-7.79,-4.11,,0
3128,-0.99,-7.23,-7.18,,0
3127,0.15,-5.28,-11.28,,0
3126,0.32,-2.83,-15.31,,0
3125,-0.08,-1.62,-18.46,,0
3124,0.19,0.2,-20.4,,0
3123,0.17,2.15,-21.2,,0
3122,0.08,2.69,-21.05,,0
3121,0.2,3.55,-20.67,,0
3120,0.27,2.63,-20.4,,0
3119,0.29,2.51,-20.41,,0
3068,-3.59,-14.46,-2.56,33,0
3067,-3.28,-14.6,-2.67,,0
3066,-2.83,-12.69,-2.76,,0
3065,-2.99,-10.94,-2.72,,0
3064,-2.52,-9.38,-3,,0
3063,-1.64,-6.73,-4.69,,0
3062,-0.82,-7.54,-7.73,,0
3061,0.52,-4.54,-12.19,,0
3060,0.32,-2.82,-15.98,,0
3059,-0.16,-0.38,-18.49,,0
3058,-0.22,1.21,-19.88,,0
3057,0.34,2.83,-20.54,,0
3056,0.18,2.08,-20.92,,0
3055,0.17,3.9,-20.78,,0
3054,0.31,3.56,-20.63,,0
2995,-2.68,-11.39,-5.83,32,0
2994,-2.23,-10.86,-5.94,,0
2993,-2.06,-11.26,-5.97,,0
2992,-2.23,-8.32,-5.92,,0
2991,-2.13,-8.7,-5.83,,0
2990,-1.74,-7.99,-6.73,,0
2989,-0.82,-6.24,-8.51,,0
2988,-0.26,-4,-10.68,,0
2987,0.46,-2.71,-13.13,,0
2986,0.61,-2.23,-15.75,,0
2985,0.58,-1.42,-18.02,,0
2984,0.15,-0.43,-19.7,,0
2983,0.13,2.02,-20.35,,0
2982,-0.02,2.37,-20.22,,0
2981,0.11,3.32,-20.11,,0
2980,0.21,2.5,-19.95,,0
2979,0.36,3.29,-20,,0
2978,0.39,2.99,-19.94,,0
2977,0.34,2.89,-19.93,,0
2927,-2.85,-13.52,-2.9,31,0
2926,-3.05,-13.26,-2.84,,0
2925,-2.91,-9.95,-2.58,,0
2924,-2.99,-9.8,-2.82,,0
2923,-1.72,-8.28,-4.42,,0
2922,-0.92,-6.18,-7.26,,0
2921,-0.01,-4.37,-10.78,,0
2920,0.3,-3.08,-14.43,,0
2919,0.19,-0.83,-17.33,,0
2918,-0.16,0.85,-18.76,,0
2917,-0.09,1.68,-19.42,,0
2916,0.05,2.55,-19.77,,0
2915,0.18,3.7,-19.72,,0
2914,0.19,3.22,-19.46,,0
2913,0.26,2.92,-19.45,,0
2854,-3.76,-14.37,-1.45,30,0
2853,-3.58,-14.42,-1.44,,0
2852,-3.2,-13.66,-1.5,,0
2851,-2.67,-14.7,-1.5,,0
2850,-3.02,-10.2,-1.53,,0
2849,-2.79,-9.94,-1.48,,0
2848,-1.48,-8.75,-3.17,,0
2847,-0.71,-5.82,-5.99,,0
2846,-0.39,-4.6,-9.53,,0
2845,0.01,-3.19,-13.71,,0
2844,0.09,-0.92,-17.15,,0
2843,-0.11,-0.24,-19.35,,0
2842,0.1,2.13,-20.13,,0
2841,0.02,4.08,-19.64,,0
2840,0.25,2.88,-19.03,,0
2839,0.28,2.57,-18.97,,0
2787,-2.72,-10.81,-1.49,29,0
2786,-2.66,-10.38,-1.43,,0
2785,-2,-8.4,-2.69,,0
2784,-0.94,-7.8,-5.26,,0
2783,-0.21,-4.99,-8.84,,0
2782,-0.45,-2.79,-12.76,,0
2781,-0.14,-1.83,-15.95,,0
2780,0.08,0.61,-18.29,,0
2779,-0.11,1.77,-19.39,,0
2778,-0.15,2.49,-19.76,,0
2777,0.06,3.4,-19.74,,0
2776,0.19,3.95,-19.08,,0
2775,0.4,2.89,-18.9,,0
2727,-3.26,-13.33,-0.69,28,0
2726,-2.77,-15.51,-0.76,,0
2725,-2.11,-8.41,-0.82,,0
2724,-3.45,-10.66,-0.68,,0
2723,-2.75,-9.71,-2.5,,0
2722,-1.51,-8.19,-5.71,,0
2721,-0.73,-5.92,-9.21,,0
2720,-0.41,-3.83,-12.35,,0
2719,-0.47,-3.64,-14.55,,0
2718,0.02,-1.81,-15.82,,0
2717,-0.23,-0.15,-16.01,,0
2716,-0.24,0.16,-15.8,,0
2715,0.07,-0.2,-15.69,,0
2714,-0.01,0,-15.62,,0
2713,-0.06,-0.03,-15.67,,0
2505,-3.43,-13.66,-0.43,27,0
2504,-3.13,-14.01,-0.4,,0
2503,-2.59,-11.05,-0.4,,0
2502,-2.48,-9.97,-0.45,,0
2501,-1.98,-8.86,-1.66,,0
2500,-1.24,-7.4,-3.99,,0
2499,-0.27,-5.85,-7.22,,0
2498,-0.08,-4.51,-10.7,,0
2497,0.05,-3.2,-13.59,,0
2496,0.02,-0.78,-15.47,,0
2495,-0.12,1.12,-16.24,,0
2494,0.17,1.76,-16.35,,0
2493,0.17,1.89,-16.24,,0
2492,0.15,1.59,-16.19,,0
2491,0.15,1.46,-16.18,,0
2396,-2.46,-12.07,-1.14,26,0
2395,-2.29,-11.59,-1.2,,0
2394,-2.83,-9.32,-1.17,,0
2393,-2.42,-7.48,-1.46,,0
2392,-1.91,-6.18,-2.92,,0
2391,-0.91,-5.27,-5.9,,0
2390,-0.2,-3.32,-9.75,,0
2389,-0.16,-2.38,-13.21,,0
2388,0.15,0.14,-15.95,,0
2387,0.42,0.74,-17.19,,0
2386,0.19,3.67,-17.07,,0
2385,0.13,2.51,-16.57,,0
2384,0.21,2.31,-16.5,,0
2309,-3.1,-15.03,0.64,25,0
2308,-2.55,-8.24,0.52,,0
2307,-2.82,-8.19,0.55,,0
2306,-1.94,-6.44,-1.08,,0
2305,-1.02,-6.57,-4.29,,0
2304,-0.07,-5.18,-8.71,,0
2303,0.21,-2.76,-12.56,,0
2302,-0.06,-2.21,-15.22,,0
2301,0.12,1.46,-16.53,,0
2300,-0.19,1.67,-16.28,,0
2299,-0.09,2.68,-16.02,,0
2298,0.16,1.99,-15.86,,0
2232,-3.35,-13.5,1.43,24,0
2231,-3.07,-12.29,1.52,,0
2230,-3.14,-8.85,1.42,,0
2229,-2.43,-7.89,0.16,,0
2228,-1.5,-7.06,-2.56,,0
2227,-0.27,-6.86,-6.61,,0
2226,0.34,-3.66,-10.52,,0
2225,0.1,-2.2,-13.1,,0
2224,0.03,-0.52,-14.79,,0
2223,0.1,0.28,-15.76,,0
2222,0.03,3.21,-15.96,,0
2221,0.14,2.12,-15.49,,0
2220,0.19,1.78,-15.49,,0
2146,-4.29,-15.47,3.33,23,0
2145,-3.98,-15.21,3.24,,0
2144,-3.58,-15.37,3.11,,0
2143,-3.34,-14.84,3.07,,0
2142,-3.37,-11.15,3.12,,0
2141,-3.36,-10.08,2.86,,0
2140,-2.15,-8.32,0.98,,0
2139,-1.22,-6.38,-1.95,,0
2138,-0.21,-5.82,-6.09,,0
2137,0.25,-3.07,-10.47,,0
2136,-0.17,-1.92,-13.67,,0
2135,0.03,0.3,-15.78,,0
2134,0.03,2.38,-16.2,,0
2133,-0.03,3.28,-15.7,,0
2132,0.19,2.29,-15.31,,0
2131,0.2,2.37,-15.29,,0
2073,-3.72,-15.81,3.61,22,0
2072,-3.57,-13.17,3.5,,0
2071,-4.08,-10.61,3.65,,0
2070,-2.46,-7.33,2.97,,0
2069,-1.45,-6.96,0.34,,0
2068,-0.31,-6.85,-4.28,,0
2067,0.71,-4.71,-9.93,,0
2066,0.55,-1.65,-14.21,,0
2065,0.17,-0.06,-16.49,,0
2064,0.05,-0.18,-17.03,,0
2063,-0.33,5.69,-16.37,,0
2062,0.25,2.91,-15.52,,0
2061,0.26,2.99,-15.52,,0
1989,-3.24,-13.89,2.5,21,0
1988,-2.62,-14.31,2.47,,0
1987,-2.96,-11.41,2.43,,0
1986,-3.33,-9.51,2.55,,0
1985,-2.39,-7.73,1.58,,0
1984,-1.04,-5.88,-0.98,,0
1983,-0.04,-5.16,-5.08,,0
1982,0.61,-3.63,-9.81,,0
1981,0.43,-1.35,-13.53,,0
1980,0.17,1.21,-15.66,,0
1979,0.07,2.7,-16.1,,0
1978,-0.06,3.96,-15.51,,0
1977,0.24,2.76,-15.19,,0
1976,0.26,2.68,-15.16,,0
1921,-3.78,-14.39,3.31,20,0
1920,-3.6,-14.69,3.27,,0
1919,-3.22,-14.31,3.18,,0
1918,-3.15,-12.91,3.25,,0
1917,-3.6,-8.79,3.41,,0
1916,-2.59,-7.11,3.01,,0
1915,-1.76,-8.26,1,,0
1914,-0.2,-6.84,-3.23,,0
1913,-0.05,-5.02,-7.89,,0
1912,-0.09,-3.42,-11.5,,0
1911,0.07,-0.73,-13.68,,0
1910,0.07,0.77,-14.27,,0
1909,0.16,2.49,-14.15,,0
1908,0.06,1.77,-13.75,,0
1907,0.11,1.5,-13.69,,0
1835,-2.89,-12.2,2.12,19,0
1834,-2.96,-8.2,2.01,,0
1833,-2.68,-6.41,1.63,,0
1832,-1.61,-6.54,-0.31,,0
1831,-0.07,-5.69,-4.29,,0
1830,0.2,-4.21,-8.43,,0
1829,-0.12,-2.28,-11.49,,0
1828,0.13,-0.56,-13.26,,0
1827,0.11,2.73,-13.88,,0
1826,0.23,2.3,-13.76,,0
1825,0.22,1.95,-13.71,,0
1824,0.2,2.01,-13.73,,0
1733,-2.67,-13.97,2.58,18,0
1732,-3,-8.54,2.55,,0
1731,-2.99,-7.94,2.79,,0
1730,-2.14,-6.81,1.36,,0
1729,-0.78,-5.78,-1.59,,0
1728,0.17,-4.28,-5.69,,0
1727,0.21,-2.67,-9.41,,0
1726,0.04,-0.29,-12.27,,0
1725,0.26,0.96,-13.95,,0
1724,0.14,2.73,-14.54,,0
1723,0.29,3.83,-14.47,,0
1722,0.27,3.25,-14.37,,0
1721,0.32,3.09,-14.41,,0
1663,-2.88,-12.08,2.16,17,0
1662,-2.65,-13.97,1.99,,0
1661,-2.26,-9.62,1.84,,0
1660,-2.76,-8.77,2.04,,0
1659,-1.96,-7.01,1.13,,0
1658,-1.09,-5.83,-1.13,,0
1657,-0.25,-4.65,-4.52,,0
1656,0.1,-2.94,-7.98,,0
1655,0,-1.73,-10.87,,0
1654,0.12,1.63,-12.78,,0
1653,0.02,2.18,-13.63,,0
1652,0.31,3.05,-13.93,,0
1651,0.19,3.02,-13.86,,0
1650,0.3,3.12,-13.8,,0
1582,-2.98,-14.29,3.72,16,0
1581,-2.55,-10.51,3.58,,0
1580,-2.02,-7.84,3.42,,0
1579,-2.1,-7.29,2.16,,0
1578,-1.14,-6.15,-0.63,,0
1577,-0.22,-5.25,-4.58,,0
1576,0.3,-3.39,-8.58,,0
1575,0.18,-1.63,-11.57,,0
1574,-0.01,0.53,-13.15,,0
1573,0.01,1.09,-13.47,,0
1572,-0.05,2.16,-13.09,,0
1571,0.04,2.64,-12.51,,0
1570,0.16,1.6,-12.27,,0
1569,0.2,1.66,-12.23,,0
1525,-2.43,-7.77,3.37,15,0
1524,-1.84,-6.3,1.31,,0
1523,-1.03,-4.82,-1.99,,0
1522,0.16,-3.9,-6.25,,0
1521,0.44,-2.7,-10.24,,0
1520,0.26,0.21,-12.86,,0
1519,0.15,2.17,-13.56,,0
1518,0.12,4.04,-13.35,,0
1517,0.21,2.62,-13,,0
1516,0.27,2.54,-13.01,,0
1457,-2.52,-13.94,3.56,14,0
1456,-2.81,-9.26,3.56,,0
1455,-3.4,-8.67,3.87,,0
1454,-2.43,-6.27,2.91,,0
1453,-1.28,-5.36,0.76,,0
1452,0.3,-6.37,-3.06,,0
1451,0.56,-4.55,-7.68,,0
1450,-0.2,-1.6,-11.13,,0
1449,-0.1,1.71,-12.55,,0
1448,-0.07,2.4,-12.51,,0
1447,0.08,2.86,-12.24,,0
1446,0.29,1.95,-12.04,,0
1445,0.25,1.82,-12.02,,0
1293,-2.06,-9.75,2.71,13,0
1292,-2.4,-6.98,2.96,,0
1291,-2.34,-6.72,2.64,,0
1290,-1.72,-4.87,0.91,,0
1289,-0.89,-3.87,-1.88,,0
1288,0.22,-3.1,-5.57,,0
1287,0.32,-2.05,-9.26,,0
1286,-0.11,-0.55,-12,,0
1285,0.33,2.27,-13.06,,0
1284,-0.24,4.71,-12.6,,0
1283,0.22,3.01,-12.23,,0
1220,-2.24,-9.11,5.47,12,0
1219,-2.79,-7.09,5.25,,0
1218,-1.61,-6.07,3.35,,0
1217,-0.52,-5.85,-0.28,,0
1216,0.39,-4.01,-5.04,,0
1215,0.31,-2.09,-8.97,,0
1214,0.08,0.01,-11.67,,0
1213,0.2,2.34,-12.76,,0
1212,0.35,4.33,-12.69,,0
1211,0.24,3.3,-12.14,,0
1210,0.3,2.84,-12.04,,0
1157,-3.06,-9.96,6.21,11,0
1156,-3.14,-9.72,6.28,,0
1155,-1.84,-6.61,5.06,,0
1154,-0.95,-5.29,2.6,,0
1153,0.17,-5.24,-1.72,,0
1152,0.72,-4.44,-6.96,,0
1151,0.51,-2.11,-10.9,,0
1150,0.11,0.3,-12.68,,0
1149,0.14,4.39,-12.4,,0
1148,0.06,3.65,-11.41,,0
1147,0.26,2.45,-11.23,,0
1095,-3.12,-10.32,6.5,10,0
1094,-3.06,-8.08,6.51,,0
1093,-2.11,-5.29,4.99,,0
1092,-0.4,-6.31,1.71,,0
1091,0.64,-5.2,-3.45,,0
1090,0.58,-3.04,-8.03,,0
1089,0.07,-1.7,-11.09,,0
1088,0.25,1.23,-12.17,,0
1087,-0.33,4.75,-11.59,,0
1086,0.1,2.89,-11,,0
1085,0.16,2.35,-10.92,,0
1029,-2.26,-12.54,4.31,9,0
1028,-1.93,-9.46,4.1,,0
1027,-2.62,-6.02,4.34,,0
1026,-2.09,-5.51,3.74,,0
1025,-1.24,-5.4,1.3,,0
1024,-0.23,-3.77,-2.49,,0
1023,0.24,-2.32,-6.32,,0
1022,0.08,-1.09,-9.32,,0
1021,0.26,1.19,-11.24,,0
1020,0.13,2.67,-11.84,,0
1019,0.09,4.21,-11.52,,0
1018,0.37,3.19,-11.31,,0
1017,0.33,3.16,-11.32,,0
966,-3.22,-7.29,6.67,8,0
965,-1.94,-5.14,4.81,,0
964,-0.57,-5.56,1.34,,0
963,0.67,-3.98,-3.67,,0
962,0.57,-2.71,-8.15,,0
961,0.33,0.22,-11.08,,0
960,0.14,2.86,-11.93,,0
959,-0.12,4.45,-11.55,,0
958,0.28,3.18,-11.25,,0
957,0.32,3.39,-11.26,,0
956,0.41,3.39,-11.28,,0
887,-4.2,-15.68,9.27,7,0
886,-3.79,-15.58,9.18,,0
885,-3.51,-14.65,9.16,,0
884,-3.56,-11.22,9.3,,0
883,-2.91,-8.89,8.92,,0
882,-2.26,-7.56,7,,0
881,-0.95,-7.66,3.12,,0
880,0.28,-6.6,-1.89,,0
879,0.51,-4.5,-6.06,,0
878,0.05,-0.95,-8.7,,0
877,0.16,1.26,-9.45,,0
876,-0.11,2.48,-9.13,,0
875,0.08,1.11,-8.94,,0
874,0.04,1.36,-8.96,,0
873,0.06,1.24,-8.98,,0
872,0.14,1.47,-8.96,,0
599,-4.42,-10.79,13.29,6,0
598,-2.42,-8.28,11.89,,0
597,-0.94,-9.87,8.23,,0
596,0.63,-7.69,2.31,,0
595,0.47,-4.63,-3.41,,0
594,-0.12,-2.7,-7.52,,0
593,0.41,1.83,-9.63,,0
592,0.01,4.48,-9.61,,0
591,0.06,3.17,-8.97,,0
590,0.23,2.57,-8.86,,0
589,0.29,2.73,-8.87,,0
526,-3.98,-11.96,13.31,5,0
525,-2.56,-7.1,12.4,,0
524,-1.25,-7.92,9.25,,0
523,0.41,-8.98,3.77,,0
522,1.02,-5.2,-2.61,,0
521,0.44,-2.42,-6.98,,0
520,0.26,0.65,-9.28,,0
519,0.16,2.95,-9.79,,0
518,0.14,3.79,-9.36,,0
517,0.24,3.02,-9.13,,0
516,0.35,2.96,-9.19,,0
515,0.3,3.07,-9.17,,0
467,-4.27,-11.1,13.63,4,0
466,-3.11,-8.96,12.78,,0
465,-1.18,-8.75,9.72,,0
464,0.33,-7.96,4.46,,0
463,0.61,-5.11,-1.35,,0
462,0.3,-1.3,-5.89,,0
461,0.18,0.9,-8.46,,0
460,0.02,3.41,-9.38,,0
459,0.23,3.33,-9.32,,0
458,0.25,3.65,-8.97,,0
457,0.33,3.1,-8.84,,0
405,-4.65,-11.81,13.63,3,0
404,-3.79,-8.89,13.6,,0
403,-2.1,-9.25,11.54,,0
402,0,-10.35,6.7,,0
401,0.5,-7.28,0.61,,0
400,0.12,-4.38,-4.13,,0
399,0.06,-1.15,-6.88,,0
398,0.01,2.98,-7.4,,0
397,0.15,2.06,-7.04,,0
396,0.08,1.34,-6.95,,0
395,0.07,1.51,-6.91,,0
277,-3.21,-9.3,11.78,2,0
276,-1.67,-6.62,9.78,,0
275,-0.94,-6.71,6.11,,0
274,0.54,-5.28,0.7,,0
273,0.67,-2.32,-4.02,,0
272,0.22,-0.26,-6.98,,0
271,0.26,1.51,-8.43,,0
270,0.41,4.05,-8.68,,0
269,0.17,3.12,-8.38,,0
268,0.33,3.48,-8.43,,0
267,0.29,3.57,-8.39,,0
266,0.21,3.7,-8.41,,0
265,0.23,3.53,-8.43,,0
94,-3.83,-9.48,12.72,1,0
93,-2.82,-7.95,11.08,,0
92,-1.35,-9.36,7.68,,0
91,-0.03,-6.64,2.5,,0
90,-0.39,-3.6,-2.09,,0
89,-0.22,-0.91,-5.47,,0
88,0.04,0.62,-6.66,,0
87,-0.15,3.66,-6.39,,0
86,0.3,2.42,-6.07,,0
4558,-2.35,-8.68,-11.57,55,1
4557,-3.13,-8.31,-11.02,,1
4556,-2.8,-5.88,-10.7,,1
4555,-3.09,-3.9,-10.73,,1
4554,-3.59,-2.76,-11.58,,1
4553,-3.79,-3.97,-14.96,,1
4552,-3.29,-2.1,-20.31,,1
4551,-2.94,-0.7,-26.14,,1
4550,-2.18,0.84,-31.36,,1
4549,-1.07,3.38,-34.6,,1
4548,0.23,6.77,-35.59,,1
4547,0.26,6.77,-35,,1
4546,0.62,6.09,-34.36,,1
4545,0.6,5.42,-34.14,,1
4544,0.54,5.65,-34.08,,1
4475,-2.7,-9.25,-12.85,54,1
4474,-2.04,-8.57,-12.81,,1
4473,-2.34,-5.1,-12.33,,1
4472,-2.23,-4.03,-11.97,,1
4471,-3.31,-2.2,-12.01,,1
4470,-4.18,-3.19,-13.92,,1
4469,-3.99,-2.31,-17.98,,1
4468,-3.05,0.76,-23.25,,1
4467,-2.33,0.13,-28.76,,1
4466,-1.31,2.54,-33.27,,1
4465,0.04,4.53,-35.72,,1
4464,0.44,6.74,-35.76,,1
4463,0.24,7.14,-34.58,,1
4462,0.54,5.52,-34.07,,1
4461,0.53,5.42,-34.07,,1
4385,2.3,8.17,-34.62,53,1
4384,2.45,5.35,-35.22,,1
4383,1.78,5.72,-36.26,,1
4382,0.75,2.5,-36.13,,1
4381,0.02,-1.35,-34.61,,1
4380,-1.23,-2.49,-31.46,,1
4379,-2.74,-5.92,-27.24,,1
4378,-3.82,-8.11,-22.96,,1
4377,-4.79,-8.11,-18.92,,1
4376,-4.82,-12.95,-15.02,,1
4375,-4.56,-12.34,-12.23,,1
4374,-4.46,-9.77,-10.38,,1
4373,-3.99,-10.05,-10.08,,1
4372,-3.88,-10.49,-10.29,,1
4371,-3.75,-10.17,-10.46,,1
4370,-3.55,-10.58,-10.56,,1
4369,-3.19,-10.08,-10.65,,1
4368,-2.99,-9.13,-10.59,,1
4367,-2.3,-7.16,-10.26,,1
4366,-2.75,-5.25,-9.86,,1
4365,-2.85,-3.93,-9.88,,1
4364,-3.71,-2.9,-11.31,,1
4363,-4.39,-1.88,-14.26,,1
4362,-4.06,-1.68,-18.68,,1
4361,-3.24,1.51,-23.84,,1
4360,-2.19,1.01,-29.18,,1
4359,-1.4,1.69,-33.46,,1
4358,-0.16,3.55,-35.48,,1
4357,0.36,7.82,-34.79,,1
4356,0.08,7.47,-33.15,,1
4312,-2.92,-9.4,-12.21,52,1
4311,-2.25,-7.79,-12.41,,1
4310,-2.02,-7.76,-12.39,,1
4309,-1.9,-5.8,-12.57,,1
4308,-2.48,-3.56,-12.22,,1
4307,-2.56,0.13,-12.04,,1
4306,-3,1.11,-13.44,,1
4305,-3.43,-1.18,-16.84,,1
4304,-2.12,-0.69,-21.98,,1
4303,-1.6,0.21,-27.67,,1
4302,-1.2,2.78,-32.39,,1
4301,-0.12,4.45,-34.69,,1
4300,0.41,8.13,-34.42,,1
4299,0.24,8.16,-32.96,,1
4298,0.53,5.88,-32.48,,1
4297,0.46,5.86,-32.45,,1
4296,0.46,5.8,-32.46,,1
4295,0.39,5.92,-32.45,,1
4239,-2.94,-7.99,-8.91,51,1
4238,-3.02,-5.32,-8.72,,1
4237,-4.18,-4.62,-8.37,,1
4236,-3.73,-0.44,-9.12,,1
4235,-3.69,-2.55,-11.41,,1
4234,-2.58,-3.34,-15.59,,1
4233,-1.73,-1.43,-21.45,,1
4232,-1.53,-1.24,-27.17,,1
4231,-0.95,2.56,-31.19,,1
4230,0.06,4.29,-32.67,,1
4229,0.18,6.95,-32.34,,1
4228,0.21,6.68,-31.34,,1
4227,0.54,5.51,-31.02,,1
4226,0.52,5.31,-30.97,,1
4145,-2.78,-7.4,-9.23,50,1
4144,-2.63,-6.63,-9.13,,1
4143,-2.74,-5.22,-8.73,,1
4142,-2.9,-2.51,-8.43,,1
4141,-3.48,-1.89,-9.38,,1
4140,-3.68,-3.72,-12.71,,1
4139,-3.03,-0.32,-17.81,,1
4138,-2.56,1.16,-23.31,,1
4137,-1.63,1.86,-28.09,,1
4136,-0.44,3.66,-31.51,,1
4135,0.36,5.04,-32.8,,1
4134,0.35,7.76,-31.99,,1
4133,0.34,6.09,-30.64,,1
4132,0.55,5.55,-30.34,,1
4131,0.59,5.34,-30.25,,1
4086,-3.35,-10.82,-7.16,49,1
4085,-3.11,-11.06,-7.09,,1
4084,-3.1,-8.88,-6.96,,1
4083,-2.64,-5.5,-6.36,,1
4082,-3.19,-4.18,-6.33,,1
4081,-3.81,-4.98,-8.1,,1
4080,-3.55,-3.82,-12.17,,1
4079,-2.38,-1.28,-17.82,,1
4078,-1.91,-0.83,-23.98,,1
4077,-1.29,0.95,-29.45,,1
4076,-0.05,1.85,-32.75,,1
4075,0.91,6.67,-32.89,,1
4074,-0.11,8.8,-30.42,,1
4073,0.41,5.11,-29.53,,1
4072,0.44,5.34,-29.47,,1
3966,-2.84,-8.42,-7.99,48,1
3965,-2.5,-7.93,-8.01,,1
3964,-1.62,-7.87,-7.7,,1
3963,-1.91,-2.84,-7.36,,1
3962,-2.62,-2.41,-6.89,,1
3961,-3,-1.35,-8.13,,1
3960,-3.73,-4.68,-11.56,,1
3959,-3.29,-1.66,-17.18,,1
3958,-3.02,-0.52,-22.88,,1
3957,-1.5,1.82,-27.18,,1
3956,-0.02,5.76,-29.28,,1
3955,0.14,5.72,-29.02,,1
3954,0.23,6.41,-28.01,,1
3953,0.45,4.89,-27.57,,1
3952,0.37,4.9,-27.51,,1
3895,-2.55,-7.62,-7.86,47,1
3894,-1.9,-6.66,-8.14,,1
3893,-0.77,-6.93,-8.06,,1
3892,-0.96,-4.44,-7.64,,1
3891,-2.01,-3.34,-6.68,,1
3890,-3.43,-1.92,-6.32,,1
3889,-4.81,-2,-7.88,,1
3888,-5.2,-2.44,-11.11,,1
3887,-4.36,-2.26,-15.72,,1
3886,-3.4,-1.19,-20.76,,1
3885,-2.42,0.23,-25.36,,1
3884,-0.85,2.11,-28.41,,1
3883,0.32,3.98,-29.34,,1
3882,0.24,6.94,-28.36,,1
3881,0.48,4.96,-27.39,,1
3880,0.48,4.86,-27.31,,1
3814,-2.05,-7.21,-9.61,46,1
3813,-1.49,-4.61,-9.83,,1
3812,-1.47,-6.31,-9.62,,1
3811,-0.58,-3.03,-9.3,,1
3810,-1.81,-2.82,-8.56,,1
3809,-2.5,-2.45,-7.83,,1
3808,-3.56,-3.09,-8.65,,1
3807,-4.03,-2.48,-11.86,,1
3806,-3.62,-0.98,-16.43,,1
3805,-2.52,-0.72,-21.54,,1
3804,-1.67,1.79,-25.67,,1
3803,-0.72,4.14,-27.79,,1
3802,-0.04,3.82,-27.92,,1
3801,0.27,6.8,-27.2,,1
3800,0.24,5.12,-26.14,,1
3799,0.38,4.34,-25.99,,1
3798,0.41,4.12,-26.02,,1
3709,0.54,5.67,-25.78,,1
3708,0.57,6.52,-25.7,45,1
3707,0.61,6.87,-25.71,,1
3706,0.2,6.3,-25.99,,1
3705,0.61,7.32,-26.71,,1
3704,1.78,0.3,-26.8,,1
3703,3.36,14.61,-27.68,,1
3702,1.71,0.88,-28.12,,1
3701,2.19,2.41,-30.39,,1
3700,0.74,-0.08,-30.05,,1
3699,0.7,-0.38,-27.71,,1
3698,-0.83,-2.39,-23.37,,1
3697,-2.15,-4.68,-18.49,,1
3696,-3.21,-6.93,-13.44,,1
3695,-3.7,-8.94,-9.35,,1
3694,-3.55,-7.16,-7.09,,1
3693,-3.21,-8.06,-6.47,,1
3692,-2.62,-6.9,-6.76,,1
3691,-2.34,-6.97,-7.2,,1
3690,-1.17,-7.27,-7.36,,1
3689,-1.21,-3.06,-7.11,,1
3688,-2.57,-3.46,-5.88,,1
3687,-3.41,-1.45,-5.56,,1
3686,-4.32,-2.78,-6.9,,1
3685,-4.51,-2.61,-10.3,,1
3684,-3.86,-2.15,-15.25,,1
3683,-3.1,-0.6,-20.74,,1
3682,-2.15,1.8,-24.93,,1
3681,-0.9,4.44,-27.04,,1
3680,0.01,5.12,-26.8,,1
3679,0.36,7.06,-25.41,,1
3678,0.4,5.05,-24.55,,1
3677,0.34,4.03,-24.39,,1
3676,0.43,4.11,-24.4,,1
3675,0.4,4.09,-24.41,,1
3611,-3.05,-10.26,-5.18,44,1
3610,-2.59,-9.68,-5.31,,1
3609,-2.52,-9.19,-5.29,,1
3608,-2.58,-7.74,-4.91,,1
3607,-2.13,-4.09,-4.36,,1
3606,-2.6,-4.29,-5.03,,1
3605,-2.97,-6.98,-7.28,,1
3604,-2.29,0.97,-10.69,,1
3603,-4.53,-0.74,-13.76,,1
3602,-2.3,3.07,-17.57,,1
3601,-2.54,1.09,-21.01,,1
3600,-1.25,2.37,-24.53,,1
3599,-0.02,3.79,-26.51,,1
3598,0.5,4.56,-26.63,,1
3597,-0.07,6.52,-25.87,,1
3596,0.34,4.95,-25.44,,1
3595,0.45,5.06,-25.44,,1
3547,-2.88,-6.39,-5.58,43,1
3546,-2.81,-9.4,-5.56,,1
3545,-1.68,-3.36,-5.55,,1
3544,-2.77,-2.13,-5.27,,1
3543,-3.38,-3.71,-6.77,,1
3542,-3.24,-2.74,-10.4,,1
3541,-2.98,-1.24,-15.04,,1
3540,-2.04,-0.71,-19.84,,1
3539,-1.06,1.04,-23.75,,1
3538,-0.24,2.82,-25.87,,1
3537,0,4.48,-26.24,,1
3536,0.24,5.48,-25.57,,1
3535,0.5,5.03,-24.88,,1
3534,0.43,4.16,-24.64,,1
3533,0.49,4.49,-24.57,,1
3475,-3.07,-9.67,-3.76,42,1
3474,-2.65,-8.59,-3.5,,1
3473,-3.25,-7.35,-3.11,,1
3472,-3.33,-4.37,-2.45,,1
3471,-3.85,-2.97,-2.24,,1
3470,-4.53,-3.58,-3.05,,1
3469,-4.86,-3.55,-5.54,,1
3468,-4.68,-2.16,-9.48,,1
3467,-3.96,0.21,-14.35,,1
3466,-2.55,1.29,-19.2,,1
3465,-1.23,1.72,-23.33,,1
3464,-0.07,4.72,-25.8,,1
3463,-0.06,6.53,-26,,1
3462,0.43,6.34,-25.13,,1
3461,0.36,5.25,-24.58,,1
3460,0.49,5.11,-24.48,,1
3459,0.43,5.21,-24.44,,1
3410,-4.22,-11.43,-1.11,41,1
3409,-3.68,-9.27,-1.17,,1
3408,-3.39,-10.78,-1.01,,1
3407,-3.27,-7.31,-0.88,,1
3406,-3.54,-5.65,-0.26,,1
3405,-3.99,-4.84,0.16,,1
3404,-4.06,-5.28,-0.65,,1
3403,-4.43,-5.49,-3.84,,1
3402,-4.63,-3.18,-8.5,,1
3401,-4.21,0.34,-13.72,,1
3400,-2.98,0.82,-18.69,,1
3399,-1.66,2.76,-22.67,,1
3398,-0.69,3.51,-24.83,,1
3397,0.09,5.69,-24.93,,1
3396,0.17,6.65,-23.68,,1
3395,0.46,4.54,-23.05,,1
3394,0.37,4.24,-23.08,,1
3344,-4.13,-9.79,0.08,40,1
3343,-3.54,-8.95,0.09,,1
3342,-2.91,-8.08,0.2,,1
3341,-2.7,-5.99,0.44,,1
3340,-2.76,-2.54,0.77,,1
3339,-3.49,-1.21,0.09,,1
3338,-4.85,-4.73,-2.15,,1
3337,-5.37,-1.9,-6.14,,1
3336,-5.19,2.13,-10.84,,1
3335,-4.24,1.11,-15.45,,1
3334,-3.26,2.16,-19.69,,1
3333,-2.29,5.75,-22.58,,1
3332,-1.18,7.93,-23.98,,1
3331,0.38,5.2,-24.22,,1
3330,0.34,6.09,-23.87,,1
3329,0.48,5.28,-23.6,,1
3328,0.5,5.03,-23.58,,1
3274,-3.09,-8.32,-2.45,39,1
3273,-2.58,-7.3,-2.54,,1
3272,-2.78,-7.63,-2.37,,1
3271,-2.84,-4.23,-2.04,,1
3270,-3.31,-2.82,-1.43,,1
3269,-3.87,-3.01,-2.23,,1
3268,-4.37,-3.85,-5.02,,1
3267,-4.51,-2.3,-9.31,,1
3266,-4.44,0.28,-14.13,,1
3265,-3.66,3.38,-18.64,,1
3264,-2.29,5.37,-21.61,,1
3263,-0.96,7.01,-22.92,,1
3262,-0.1,6.61,-22.73,,1
3261,0.27,5.71,-22.1,,1
3260,0.56,5.47,-21.68,,1
3259,0.5,4.84,-21.61,,1
3258,0.45,4.87,-21.63,,1
3208,-3.33,-8.64,-1.28,38,1
3207,-3.04,-8.34,-1.34,,1
3206,-2.6,-9.64,-1.43,,1
3205,-2.46,-6.56,-1.17,,1
3204,-3.2,-5.5,-0.43,,1
3203,-3.64,-4.21,-0.6,,1
3202,-3.54,-3.3,-2.27,,1
3201,-3.1,-1.75,-5.44,,1
3200,-2.97,-2.59,-9.49,,1
3199,-2.39,-2.03,-14.19,,1
3198,-2.01,0.51,-18.25,,1
3197,-1.34,3.16,-20.79,,1
3196,-0.31,4.27,-21.76,,1
3195,0.18,5.54,-21.38,,1
3194,0.44,5.01,-20.73,,1
3193,0.46,4.26,-20.47,,1
3192,0.29,4.19,-20.45,,1
3140,-3.35,-10.48,-0.6,37,1
3139,-3.09,-10.19,-0.75,,1
3138,-2.91,-9.79,-0.84,,1
3137,-2.91,-9.47,-0.53,,1
3136,-2.39,-4.98,0.2,,1
3135,-2.96,-5.24,0.78,,1
3134,-3.09,-3.92,-0.37,,1
3133,-4.16,-3.05,-3.81,,1
3132,-4.17,-0.5,-8.59,,1
3131,-3.32,0.7,-13.56,,1
3130,-2.15,1.89,-17.71,,1
3129,-1,4,-20.55,,1
3128,-0.14,4.49,-21.69,,1
3127,0.33,5.99,-21.24,,1
3126,0.37,5.87,-20.29,,1
3125,0.44,4.43,-19.93,,1
3124,0.4,4.52,-19.94,,1
3123,0.43,4.58,-19.96,,1
3032,-3.05,-8.98,2.14,36,1
3031,-2.51,-7.86,2.01,,1
3030,-2.05,-8.06,2.25,,1
3029,-2.45,-4.1,2.55,,1
3028,-3.26,-3.98,3.24,,1
3027,-3.69,-0.65,3.17,,1
3026,-4.04,-1.98,1.2,,1
3025,-3.15,-2.14,-3.25,,1
3024,-2.41,0.36,-9.47,,1
3023,-1.77,0.92,-15.56,,1
3022,-1.15,3.25,-20.23,,1
3021,-0.57,5.78,-22.24,,1
3020,-0.02,8.44,-21.96,,1
3019,0.2,8.23,-20.53,,1
3018,0.41,6.5,-19.68,,1
3017,0.46,5.87,-19.53,,1
3016,0.55,5.85,-19.52,,1
3015,0.54,5.78,-19.51,,1
2937,-3.21,-9.48,2.99,35,1
2936,-2.9,-8.67,3.02,,1
2935,-2.28,-8.17,3.08,,1
2934,-2.5,-8.91,3.3,,1
2933,-3.04,-5.66,3.65,,1
2932,-3.54,-5.39,4.09,,1
2931,-3.53,-3.63,3.41,,1
2930,-3.98,-4.25,1.26,,1
2929,-3.89,-4.06,-2.32,,1
2928,-3.5,-2.68,-6.7,,1
2927,-2.73,-1.8,-10.99,,1
2926,-1.57,0.01,-14.09,,1
2925,-0.2,3.2,-15.39,,1
2924,-0.12,3.17,-14.87,,1
2923,0.01,3.32,-14.11,,1
2922,0.33,2.44,-13.86,,1
2921,0.29,2.22,-13.84,,1
2868,-3.87,-10.65,5.13,34,1
2867,-3.66,-10.14,5.04,,1
2866,-3.49,-9.63,4.89,,1
2865,-2.94,-8.71,4.78,,1
2864,-2.68,-7.86,4.87,,1
2863,-2.71,-5.35,5.21,,1
2862,-3.38,-3.58,5.53,,1
2861,-3.94,-3.59,5.35,,1
2860,-4.43,-4.71,3.45,,1
2859,-4.31,-3.42,-0.33,,1
2858,-3.94,-2.13,-4.97,,1
2857,-3.21,-2.27,-9.78,,1
2856,-2.09,0.58,-13.79,,1
2855,-0.42,3.59,-15.71,,1
2854,0.12,3.5,-15.63,,1
2853,0.38,3.9,-14.95,,1
2852,0.35,3.31,-14.75,,1
2851,0.26,2.87,-14.7,,1
2794,-3.46,-8.77,4.7,33,1
2793,-2.88,-8.53,4.63,,1
2792,-2.62,-8.46,4.47,,1
2791,-1.78,-7.53,4.48,,1
2790,-2.74,-6.24,4.71,,1
2789,-3.63,-2.65,5.17,,1
2788,-5.02,-3.3,5.1,,1
2787,-5.19,-2.53,3.33,,1
2786,-5.23,-1.83,-0.55,,1
2785,-4.58,-3.09,-5.41,,1
2784,-3.43,-0.81,-10.41,,1
2783,-2.06,1.62,-13.85,,1
2782,-0.62,3.44,-15.55,,1
2781,-0.04,3.31,-15.64,,1
2780,0.45,4.67,-15.02,,1
2779,0.55,3.41,-14.77,,1
2778,0.36,3.27,-14.78,,1
2722,-3.06,-9.51,4.19,32,1
2721,-2.63,-7.31,3.93,,1
2720,-2.66,-7.27,3.84,,1
2719,-2.01,-7.48,3.94,,1
2718,-2,-3.22,4.04,,1
2717,-3.11,-1.21,4.4,,1
2716,-3.64,-2.48,3.23,,1
2715,-4.41,-5.07,-0.58,,1
2714,-3.51,-3.01,-6.35,,1
2713,-2.59,0.01,-11.72,,1
2712,-1.3,1.16,-15.08,,1
2711,0.21,2.8,-16.39,,1
2710,0.22,4.72,-15.74,,1
2709,0.34,3.94,-14.66,,1
2708,0.4,3.26,-14.51,,1
2707,0.34,3.09,-14.58,,1
2659,-3.19,-9.76,6.5,31,1
2658,-3.09,-9.85,6.41,,1
2657,-2.23,-8.09,6.61,,1
2656,-2.66,-4.92,6.82,,1
2655,-3.2,-3,7.1,,1
2654,-4.84,-6.47,5.93,,1
2653,-5.07,-5.82,2.34,,1
2652,-4.62,-2.43,-2.39,,1
2651,-4.01,-1.22,-7.18,,1
2650,-2.7,0.07,-11.44,,1
2649,-1.24,1.74,-14.66,,1
2648,0.25,0.08,-15.96,,1
2647,0.48,2.92,-15.6,,1
2646,0.29,4.32,-14.54,,1
2645,0.33,3.43,-14.33,,1
2644,0.26,3.36,-14.36,,1
2592,-3.27,-9.11,3.54,30,1
2591,-2.74,-7.67,3.52,,1
2590,-2.13,-7.55,3.51,,1
2589,-2.12,-4.24,3.35,,1
2588,-3.36,-1.53,3.57,,1
2587,-3.81,-2.08,3.26,,1
2586,-3.85,-3.22,1.16,,1
2585,-3.62,-2.11,-2.72,,1
2584,-3.1,-1.41,-7.17,,1
2583,-1.95,-0.52,-11.83,,1
2582,-1,0.31,-15.57,,1
2581,0.22,1.47,-17,,1
2580,0.36,5.91,-16.1,,1
2579,0.19,3.8,-14.91,,1
2578,0.36,3.1,-14.77,,1
2577,0.27,3.25,-14.76,,1
2494,0.16,4.37,-14.12,29,1
2493,0.59,3.87,-14.24,,1
2492,0.78,4.27,-14.27,,1
2491,0.2,4.41,-14.06,,1
2490,0.29,4.1,-14.15,,1
2489,1.85,-2.98,-14.27,,1
2488,3.81,6.9,-14.9,,1
2487,2.23,4.06,-14.87,,1
2486,-0.02,3.1,-15.45,,1
2485,0.33,-1.06,-14.66,,1
2484,-0.05,-3.1,-12.93,,1
2483,-2.03,-5.52,-9.84,,1
2482,-3.61,-9.21,-5.42,,1
2481,-4.03,-13.11,-0.84,,1
2480,-4.38,-10.32,2.82,,1
2479,-4.15,-10.52,4.64,,1
2478,-3.97,-10.63,4.76,,1
2477,-3.72,-10.01,4.77,,1
2476,-3.24,-9.19,4.78,,1
2475,-3.08,-8.97,4.75,,1
2474,-2.7,-8.4,4.82,,1
2473,-2.31,-4.07,5.24,,1
2472,-3.9,-1.75,5.74,,1
2471,-4.78,-4.62,4.92,,1
2470,-4.33,-3.75,1.83,,1
2469,-3.68,-3.81,-2.91,,1
2468,-2.31,-4.36,-8.49,,1
2467,-0.97,-2.11,-13.15,,1
2466,0.15,-1.37,-15.5,,1
2465,0.26,2.85,-15.14,,1
2464,0.08,3.42,-13.93,,1
2463,0.2,1.7,-13.58,,1
2462,0.23,1.75,-13.57,,1
2269,-3.51,-9.34,7.1,28,1
2268,-2.86,-8.74,7.17,,1
2267,-2.2,-9.68,7.39,,1
2266,-1.92,-5.53,7.66,,1
2265,-3.44,-4.17,8.18,,1
2264,-4.8,-2.54,8.29,,1
2263,-5.63,-5.73,7.49,,1
2262,-5.29,-5.46,4.7,,1
2261,-5.12,-5.12,0.43,,1
2260,-4.44,-2.92,-4.86,,1
2259,-3.04,-0.14,-9.31,,1
2258,-1.1,1.7,-12.06,,1
2257,-0.07,0.52,-12.78,,1
2256,0.19,2.91,-12.2,,1
2255,0.13,1.65,-11.75,,1
2254,0.05,1.5,-11.73,,1
2201,-3.53,-8.9,7.68,27,1
2200,-3.05,-10.01,7.62,,1
2199,-1.68,-6.32,7.87,,1
2198,-2.49,-4.63,8.61,,1
2197,-3.62,-3.76,9.05,,1
2196,-4.7,-1.33,8.77,,1
2195,-5.9,-2.16,6.72,,1
2194,-6.13,-1.61,2.91,,1
2193,-5.7,-1.08,-2.27,,1
2192,-4.09,-0.8,-8.03,,1
2191,-2.47,-0.34,-12.86,,1
2190,-0.99,1.7,-15.58,,1
2189,-0.39,2.13,-15.76,,1
2188,-0.12,4.54,-14.63,,1
2187,-0.06,3.46,-13.61,,1
2186,0.27,2.69,-13.28,,1
2185,0.35,2.34,-13.17,,1
2184,0.32,2.35,-13.16,,1
2183,0.27,2.25,-13.18,,1
2142,-3.56,-9.22,7.96,26,1
2141,-3.16,-7.3,7.83,,1
2140,-2.76,-6.44,7.87,,1
2139,-3.41,-4,7.88,,1
2138,-4.53,-2.01,7.9,,1
2137,-4.85,0.02,7,,1
2136,-5.3,-3.76,4.64,,1
2135,-4.3,-2.74,0.55,,1
2134,-4.01,-3.3,-4.13,,1
2133,-2.74,-0.95,-8.79,,1
2132,-1.63,1.28,-11.95,,1
2131,-0.16,2.27,-13.29,,1
2130,0.54,2.6,-13.01,,1
2129,0,3.27,-12.25,,1
2128,0.21,2.24,-11.92,,1
2127,0.18,2.36,-11.88,,1
2073,-2.65,-9.08,8.4,25,1
2072,-1.87,-5.55,8.49,,1
2071,-2.7,-3.55,8.56,,1
2070,-3.47,-2.61,8.51,,1
2069,-4.55,-1.54,7.23,,1
2068,-5.57,-3.34,4.04,,1
2067,-5.04,-2.64,-0.79,,1
2066,-3.89,-1.92,-5.87,,1
2065,-2.33,-0.17,-10.25,,1
2064,-0.56,0.48,-12.49,,1
2063,-0.04,4.66,-12.18,,1
2062,0.03,3.14,-10.85,,1
2061,0.17,2.12,-10.57,,1
2060,0.29,2.38,-10.35,,1
2059,0.25,2.23,-10.23,,1
2058,0.26,2,-10.19,,1
1984,-1.68,-7.88,5.91,24,1
1983,-1.06,-6.26,6.36,,1
1982,-2.42,-3.46,7.34,,1
1981,-3.5,-2.92,8.14,,1
1980,-4.26,-5.55,7.44,,1
1979,-4.53,-4.84,4.53,,1
1978,-4.52,-4.14,0.58,,1
1977,-3.5,-2.89,-3.86,,1
1976,-2.17,-0.51,-7.86,,1
1975,-1.37,-0.39,-10.5,,1
1974,-0.15,1.94,-11.42,,1
1973,0.23,4.29,-11,,1
1972,0.36,3.18,-10.4,,1
1971,0.12,2.31,-10.3,,1
1895,-2.68,-8.63,7.94,23,1
1894,-1.4,-7.33,8,,1
1893,-1.86,-5.98,8.09,,1
1892,-2.77,-3.34,8.38,,1
1891,-3.85,-3.45,8.48,,1
1890,-4.86,-4.4,7.37,,1
1889,-5.81,-3.98,4.62,,1
1888,-5.39,-3.9,1.02,,1
1887,-3.98,-2.84,-3.09,,1
1886,-2.27,-2.1,-7.27,,1
1885,-1.04,-0.24,-10.14,,1
1884,-0.55,2.26,-10.86,,1
1883,-0.23,0.94,-10.49,,1
1882,-0.11,2.22,-10,,1
1881,0.03,1.18,-9.62,,1
1880,0.1,1.15,-9.53,,1
1879,0.12,1.48,-9.45,,1
1801,-1.46,-6.08,9.39,22,1
1800,-2.41,-4.56,9.75,,1
1799,-2.99,1.54,9.57,,1
1798,-4.55,-3.73,9.38,,1
1797,-5.96,-6.36,7.07,,1
1796,-5.27,-4.5,2.67,,1
1795,-4.27,-3.64,-2.37,,1
1794,-2.63,-0.5,-7.21,,1
1793,-1.33,-0.1,-10.54,,1
1792,-0.29,1.97,-12.25,,1
1791,0.04,2.98,-12.13,,1
1790,0.43,2.98,-11.47,,1
1789,0.32,2.47,-11.39,,1
1730,-4.01,-10.6,11.88,21,1
1729,-4.38,-10.13,11.72,,1
1728,-3.05,-8.88,12.06,,1
1727,-3.74,-6.14,12.41,,1
1726,-4.02,-3.21,12.53,,1
1725,-5,-2.02,11.99,,1
1724,-5.61,-3.31,9.98,,1
1723,-5.58,-5.63,5.85,,1
1722,-4.3,-2.99,-0.29,,1
1721,-2.94,-2.63,-6.38,,1
1720,-1.66,-0.08,-11.15,,1
1719,-0.49,4.02,-13.28,,1
1718,-0.21,4.25,-13.13,,1
1717,0.22,4.36,-12.49,,1
1716,0.3,3.75,-12.03,,1
1715,0.32,3.36,-11.97,,1
1714,0.33,3.43,-11.92,,1
1672,-3.57,-8.92,10.45,20,1
1671,-3.9,-7.77,10.91,,1
1670,-4.09,-3.65,11.09,,1
1669,-4.55,-3.41,11.11,,1
1668,-4.8,-3.61,9.88,,1
1667,-4.91,-5.1,6.29,,1
1666,-4.29,-3.58,0.61,,1
1665,-2.98,-2.83,-5.16,,1
1664,-1.5,-0.99,-9.82,,1
1663,-0.28,0.92,-12.06,,1
1662,-0.05,4.36,-11.92,,1
1661,0.11,3.32,-10.91,,1
1660,0.27,2.6,-10.75,,1
1659,0.25,2.5,-10.75,,1
1600,-3.63,-8.38,8.47,19,1
1599,-3.17,-7.79,8.47,,1
1598,-3.03,-4.78,8.42,,1
1597,-3.5,-3.56,8.52,,1
1596,-3.89,-3.52,7.68,,1
1595,-4.55,-4.78,6.05,,1
1594,-4.75,-5.49,3.13,,1
1593,-4.36,-3.74,-0.49,,1
1592,-3.34,-1,-4.42,,1
1591,-2.39,-1.31,-7.96,,1
1590,-1.29,-1.01,-10.89,,1
1589,-0.29,1.22,-12.2,,1
1588,0.12,2.43,-11.64,,1
1587,0.11,3.35,-10.44,,1
1586,0.25,1.62,-9.85,,1
1585,0.28,1.41,-9.79,,1
1510,-3.71,-10.15,10,18,1
1509,-3.29,-6.66,10.23,,1
1508,-4.05,-6.87,10.7,,1
1507,-4.16,-4,10.83,,1
1506,-4.78,-4.81,10.18,,1
1505,-5.03,-4.79,7.68,,1
1504,-4.88,-4.65,3.38,,1
1503,-4.02,-3.69,-2.23,,1
1502,-3.07,-1.33,-7.23,,1
1501,-1.28,0.07,-10.57,,1
1500,-0.14,1.88,-11.9,,1
1499,0.22,4.44,-11.42,,1
1498,0.26,2.87,-10.68,,1
1497,0.23,2.53,-10.57,,1
1442,-3.8,-9.09,9.26,17,1
1441,-3.66,-4.42,9.19,,1
1440,-4.06,-3.08,9.3,,1
1439,-4.06,-1.24,8.87,,1
1438,-4.56,-5.06,6.91,,1
1437,-3.85,-4.01,2.69,,1
1436,-3.71,-2.4,-2.33,,1
1435,-2.83,-1.2,-7.02,,1
1434,-1.58,1.22,-10.36,,1
1433,-0.42,2.54,-11.88,,1
1432,0.09,3.34,-11.84,,1
1431,0.15,4.27,-11.21,,1
1430,0.29,3.24,-10.98,,1
1429,0.35,3.22,-10.93,,1
1367,-2.75,-1.68,8.25,16,1
1366,-4.14,-1.02,8.2,,1
1365,-6.1,-1.44,7.17,,1
1364,-5.94,1.56,4.49,,1
1363,-5.24,0.52,1.29,,1
1362,-4.17,-2.42,-2.65,,1
1361,-2.49,-0.48,-7.3,,1
1360,-1.19,0.87,-10.38,,1
1359,-0.03,1.74,-11.42,,1
1358,0.18,4.25,-11.14,,1
1357,0.28,4.13,-10.41,,1
1356,0.45,3.27,-10.19,,1
1295,-1.78,-4.16,7.37,15,1
1294,-2.93,-1.62,7.91,,1
1293,-4.38,-1.92,8.12,,1
1292,-5.01,-4.01,6.83,,1
1291,-4.4,-4.36,3.5,,1
1290,-3.27,-5.4,-1.41,,1
1289,-1.87,-4.41,-6.66,,1
1288,-0.54,-2.6,-10.39,,1
1287,0.29,0.01,-11.77,,1
1286,-0.01,4.08,-11.14,,1
1285,0.21,2.58,-10.39,,1
1284,0.16,2.25,-10.26,,1
1212,-4.87,-5.93,11.64,14,1
1211,-5.68,-5.47,11.74,,1
1210,-6.1,-6.68,10.82,,1
1209,-6.4,-6.67,7.99,,1
1208,-6.17,-5.45,3.57,,1
1207,-4.44,-2.43,-1.58,,1
1206,-2.55,-0.68,-6.11,,1
1205,-0.93,0.16,-9,,1
1204,0.05,1.94,-10.25,,1
1203,0.3,2.24,-10.14,,1
1202,0.24,2.5,-10.03,,1
1201,0.24,2.48,-10.03,,1
1145,-3.47,-5.89,10.31,13,1
1144,-4,-3.26,10.29,,1
1143,-4.75,-3.25,9.6,,1
1142,-4.99,-5.31,7.47,,1
1141,-4.19,-5.85,3.5,,1
1140,-2.91,-5.36,-1.52,,1
1139,-1.72,-2.62,-6.21,,1
1138,-0.62,-0.93,-9.14,,1
1137,-0.02,1.89,-10.05,,1
1136,0.17,3.1,-9.86,,1
1135,0.1,2.55,-9.77,,1
1082,-3.49,-7.54,10.91,12,1
1081,-4.11,-4.69,11.17,,1
1080,-5.4,-3.32,10.69,,1
1079,-5.63,-6.86,8.37,,1
1078,-4.25,-6.09,3.35,,1
1077,-3.13,-5.26,-2.44,,1
1076,-1.78,-3.17,-7.45,,1
1075,-0.59,-1.88,-10.31,,1
1074,-0.1,1.43,-10.72,,1
1073,-0.02,1.75,-9.97,,1
1072,0.18,1.09,-9.81,,1
1071,0.01,0.92,-9.75,,1
996,-3.84,-9.82,10.72,11,1
995,-2.54,-9.09,10.84,,1
994,-3.34,-5.54,11.09,,1
993,-3.98,-2.93,11.5,,1
992,-5.2,-4.19,11.31,,1
991,-6.29,-4.61,9.17,,1
990,-5.84,-2.77,4.95,,1
989,-4.46,-4,-0.29,,1
988,-2.63,-2.77,-5.8,,1
987,-1.32,-1.34,-9.98,,1
986,-0.19,0.98,-12.21,,1
985,0.13,2.97,-12.35,,1
984,0.16,3.91,-11.84,,1
983,0.38,2.81,-11.43,,1
982,0.29,2.41,-11.32,,1
981,0.31,2.8,-11.3,,1
980,0.26,2.92,-11.33,,1
877,-2.21,-7.47,13.68,10,1
876,-3.66,-5.73,13.95,,1
875,-4.33,-1.51,13.79,,1
874,-5.65,-1.9,11.96,,1
873,-5.37,-3.94,8.07,,1
872,-4.68,-4.82,2.46,,1
871,-2.98,-1.45,-3.78,,1
870,-1.89,0.1,-8.33,,1
869,-0.35,1.05,-10.68,,1
868,0.24,1.72,-11.27,,1
867,0,4.15,-10.71,,1
866,0.32,2.42,-10.25,,1
865,0.31,2.48,-10.22,,1
810,-2.99,-5.43,12.8,9,1
809,-3.92,-4.54,13.02,,1
808,-4.11,-5.21,11.19,,1
807,-4.06,-8.06,7.3,,1
806,-2.42,-4.42,1.61,,1
805,-1.71,-3.66,-3.91,,1
804,-0.64,-1.72,-8.2,,1
803,0.01,-2.2,-10.65,,1
802,0.08,1.21,-10.78,,1
801,-0.05,4.37,-9.84,,1
800,0.3,2.35,-9.43,,1
799,0.28,2.2,-9.42,,1
727,-4.03,-12.34,13.56,8,1
726,-3.77,-11.66,13.51,,1
725,-3.44,-10.74,13.69,,1
724,-3.79,-7.03,13.95,,1
723,-4.43,-5.92,14.31,,1
722,-4.2,-4.91,13.28,,1
721,-3.77,-6.08,10.38,,1
720,-2.88,-4.97,5.13,,1
719,-2.09,-4.62,-1,,1
718,-1.05,-2.74,-5.87,,1
717,-0.36,-1.7,-8.84,,1
716,0.39,2.47,-9.4,,1
715,0.21,3.45,-8.89,,1
714,0.32,2.51,-8.66,,1
713,0.32,2.55,-8.67,,1
712,0.33,2.22,-8.59,,1
711,0.31,2.07,-8.57,,1
710,0.27,1.93,-8.56,,1
709,0.4,2.12,-8.56,,1
708,0.29,2.26,-8.56,,1
707,0.19,2.63,-8.57,,1
645,-3.73,-9.95,13.38,7,1
644,-3.59,-6.03,13.46,,1
643,-2.96,-5.76,12.55,,1
642,-3.12,-6.16,9.29,,1
641,-3.09,-6.11,4.95,,1
640,-2.41,-5.72,-0.03,,1
639,-1.2,-3.77,-4.81,,1
638,-0.2,-2.8,-7.7,,1
637,-0.12,0.69,-8.23,,1
636,0.06,2.69,-7.44,,1
635,0.19,1.44,-7.03,,1
634,0.21,1.31,-7,,1
565,-2.62,-6.79,13.07,6,1
564,-3.59,-7.49,13.01,,1
563,-3.6,-6.85,11.35,,1
562,-2.79,-5.05,8.08,,1
561,-2.87,-4.99,3.94,,1
560,-2.98,-5.17,-0.48,,1
559,-1.23,-2.8,-4.11,,1
558,-0.48,-2.5,-6.15,,1
557,-0.11,2.35,-6.83,,1
556,0.14,0.82,-6.57,,1
555,0.11,1.32,-6.67,,1
554,0.14,1.4,-6.65,,1
553,0.12,1.09,-6.62,,1
489,-3.44,-8.08,15.94,5,1
488,-3.73,-6.69,16.09,,1
487,-3.31,-6.96,14.9,,1
486,-2.97,-7.85,11.52,,1
485,-3.37,-7.73,6.54,,1
484,-2.73,-5.79,1.22,,1
483,-1.59,-4.11,-3.06,,1
482,-0.28,-1.85,-5.37,,1
481,0.2,1.59,-5.72,,1
480,0.16,1.62,-5.32,,1
479,0.26,1.14,-5.45,,1
478,0.19,1.44,-5.52,,1
477,0.3,1.53,-5.51,,1
412,-4.83,-13.61,17.74,4,1
411,-4.62,-13.62,17.79,,1
410,-3.58,-11.85,17.96,,1
409,-2.88,-9.12,18.13,,1
408,-3.58,-7.72,17.97,,1
407,-3.6,-7.98,17.08,,1
406,-3.21,-6.65,14.6,,1
405,-3.72,-7.85,10.5,,1
404,-3.2,-7.34,5.68,,1
403,-1.87,-4.76,1.25,,1
402,-0.86,-2.73,-2.05,,1
401,-0.21,-0.43,-3.68,,1
400,-0.03,1.13,-4.11,,1
399,-0.06,0.92,-4.08,,1
398,0.07,0.78,-3.83,,1
397,0.09,0.68,-3.64,,1
396,0.19,0.44,-3.55,,1
245,-3.2,-4.77,17.74,3,1
244,-1.81,-0.8,17.45,,1
243,-3.52,0.12,16.93,,1
242,-4.49,2.7,15.16,,1
241,-4.66,2.84,11.74,,1
240,-4.5,-3.68,7.33,,1
239,-3.23,-3.98,2.07,,1
238,-1.94,-0.86,-2.04,,1
237,-0.72,-0.17,-4.03,,1
236,-0.18,2.5,-3.78,,1
235,0.2,1.98,-3.01,,1
234,0.14,0.97,-2.8,,1
233,0.13,0.89,-2.79,,1
156,-4.17,-12.63,18.95,2,1
155,-3.44,-11.4,18.93,,1
154,-2.65,-9.9,19.15,,1
153,-2.4,-6.43,19.13,,1
152,-2.94,-5.63,18.6,,1
151,-3.32,-7.09,16.64,,1
150,-3,-5.58,12.71,,1
149,-2.36,-6.83,7.8,,1
148,-1.59,-4.68,2.62,,1
147,-0.84,-3.67,-1.18,,1
146,0.24,1.28,-2.81,,1
145,0.03,2.81,-2.43,,1
144,0.11,1.08,-2.25,,1
143,0.2,1.72,-2.22,,1
142,0.15,1.64,-2.1,,1
141,0.37,1.45,-2.06,,1
140,0.29,1.29,-2.04,,1
49,-4.3,-13.33,23.03,1,1
48,-3.12,-11.7,22.81,,1
47,-2.37,-10.04,22.99,,1
46,-2.69,-5.09,23.14,,1
45,-2.45,-3.51,22.83,,1
44,-2.48,-1.09,20.96,,1
43,-3.21,-4.63,17.34,,1
42,-4.76,-8.56,12.59,,1
41,-3.19,-7.86,7.13,,1
40,-1.44,-4.38,2.29,,1
39,-0.58,-4.29,-0.88,,1
38,-0.1,-2.59,-2.01,,1
37,-0.29,1.62,-1.72,,1
36,0.21,1.2,-1.37,,1
35,0.18,1.46,-1.27,,1
